{"verification/model_requires_grad":true,"verification/clipping_range_width":0.0006999999999999229,"_timestamp":1.753892072376121e+09,"train/clip_fraction":1,"_step":172,"step":40,"_wandb":{"runtime":1348},"verification/old_model_exists":true,"train/reward_mean":0.4348755478858948,"_runtime":1348,"eval/reward":0.4957076451834677,"train/loss":0.0024182796478271484,"train/importance_ratio_mean":0.9883147776126862,"verification/params_different":true,"epoch":0}