{"step":187,"_timestamp":1.753899432913689e+09,"_step":789,"final/final_reward":0.5309431991263761,"eval/reward":0.5296042854586775,"train/loss":0.01247955858707428,"final/improvement":0.03206062875049742,"verification/model_requires_grad":true,"_wandb":{"runtime":5563},"train/importance_ratio_mean":1.0032682716846466,"train/reward_mean":0.538665235042572,"final/best_reward":0.5689070708247141,"verification/old_model_exists":true,"epoch":2,"_runtime":5563,"verification/params_different":true,"train/clip_fraction":1,"verification/clipping_range_width":0.0019999999999998908,"final/initial_reward":0.4988825703758787}