{"_wandb":{"runtime":779},"_runtime":779,"train/reward_mean":0.4261144995689392,"eval/reward":0.47722573193138806,"_step":75,"train/clip_fraction":1,"_timestamp":1.7539355145086792e+09,"epoch":0,"verification/model_requires_grad":true,"step":18,"train/loss":0.00842343270778656,"train/importance_ratio_mean":1.0042939186096191,"verification/clipping_range_width":0.0040000000000000036,"verification/params_different":true,"verification/old_model_exists":true}