{"_step":33,"train/loss":1.296401023864746e-06,"_wandb":{"runtime":304},"final/best_reward":0.6500668575124302,"step":7,"final/initial_reward":0.6500668575124302,"train/reward_mean":0.3786652088165283,"eval/reward":0.6276619341278004,"train/importance_ratio_mean":1,"train/clip_fraction":0,"epoch":2,"final/final_reward":0.6991962386245815,"_runtime":304,"final/improvement":0.04912938111215126,"_timestamp":1.753878819433223e+09}