{"test/reward":0.7864583333333335,"_step":1424,"train/reward_mean":0.4999999850988388,"train/clip_fraction":0.5,"test/accuracy":0.22916666666666666,"train/loss":0.0018772333860397339,"_wandb":{"runtime":8790},"val/reward":0.7392000000000003,"final/reward_improvement":-0.01364583333333369,"verification/old_model_exists":true,"_runtime":8790,"verification/clipping_range_width":0.0040000000000000036,"_timestamp":1.7539513207881842e+09,"val/accuracy":0.18,"verification/model_requires_grad":true,"final/best_val_reward":0.7795999999999998,"step":346,"verification/params_different":true,"final/accuracy_improvement":-0.041666666666666685,"train/importance_ratio_mean":1.0001649856567383,"epoch":8}