{"verification/old_model_exists":true,"verification/model_requires_grad":true,"_timestamp":1.753940878946122e+09,"_wandb":{"runtime":2712},"epoch":2,"step":147,"train/importance_ratio_mean":1.0022879242897034,"verification/clipping_range_width":0.005999999999999894,"final/initial_accuracy":0.35,"final/improvement":0.06399999999999995,"final/final_reward":0.8309999999999997,"train/loss":0.0037592947483062744,"final/initial_reward":0.7669999999999998,"_step":331,"eval/accuracy":0.35,"_runtime":2712,"final/best_reward":0.8464999999999998,"eval/reward":0.7809999999999999,"final/final_accuracy":0.5,"train/reward_mean":0.6625000089406967,"verification/params_different":true,"train/clip_fraction":0.5}