{"train/importance_ratio_mean":1.0079877376556396,"_timestamp":1.753936860948297e+09,"train/clip_fraction":1,"verification/clipping_range_width":0.0040000000000000036,"_wandb":{"runtime":942},"epoch":0,"verification/model_requires_grad":true,"train/loss":0.004676192998886108,"train/reward_mean":0.48392271995544434,"eval/reward":0.5414058126530262,"verification/old_model_exists":true,"verification/params_different":true,"_step":100,"_runtime":942,"step":23}